0.80579,0.32409,4.4640265,-4.4930325,0
0.80756,0.32157,4.4640265,-4.4930325,0
0.80826,0.31943,4.4640265,-4.4930325,0
0.80816,0.31683,5.4472027,-2.8091638,0
0.80783,0.31408,5.4472027,-2.8091638,0
0.80746,0.31192,5.4472027,-2.8091638,0
0.80639,0.30923,5.4472027,-2.8091638,0
0.80399,0.30603,5.4472027,-2.8091638,0
0.80208,0.30352,5.4472027,-2.8091638,0
0.80004,0.30159,5.4472027,-2.8091638,0
0.79796,0.29973,5.4472027,-2.8091638,0
0.79654,0.29841,4.463021,-2.6964896,0
0.79576,0.29723,4.463021,-2.6964896,0
0.79538,0.29609,4.463021,-2.6964896,0
0.79493,0.29495,4.463021,-2.6964896,0
0.79404,0.29371,4.463021,-2.6964896,0
0.79265,0.29235,4.463021,-2.6964896,0
0.79199,0.29123,4.463021,-2.6964896,0
0.79078,0.28966,4.463021,-2.6964896,0
0.7899,0.28798,4.477096,-2.548475,0
0.78934,0.2869,4.477096,-2.548475,0
0.78909,0.28655,4.477096,-2.548475,0
0.78913,0.28643,4.477096,-2.548475,0
0.7891,0.28629,4.477096,-2.548475,0
0.78891,0.28621,4.477096,-2.548475,0
0.78872,0.28601,4.477096,-2.548475,0
0.7883,0.28559,4.477096,-2.548475,0
0.78836,0.28509,4.477096,-2.548475,0
0.78813,0.28419,3.9316657,-1.9992982,0
0.7875,0.28299,3.9316657,-1.9992982,0
0.78673,0.28176,3.9316657,-1.9992982,0
0.78542,0.28036,3.9316657,-1.9992982,0
0.78378,0.27917,3.9316657,-1.9992982,0
0.78253,0.27856,3.9316657,-1.9992982,0
0.78211,0.27813,3.9316657,-1.9992982,0
0.78233,0.27787,3.9316657,-1.9992982,0
0.78327,0.27835,2.430166,-0.021046314,0
0.78452,0.27911,2.430166,-0.021046314,0
0.78607,0.2805,2.430166,-0.021046314,0
0.78773,0.28206,2.430166,-0.021046314,0
0.78918,0.28345,2.430166,-0.021046314,0
0.79048,0.28425,2.430166,-0.021046314,0
0.79158,0.28475,2.430166,-0.021046314,0
0.79282,0.28505,2.430166,-0.021046314,0
0.79448,0.28521,2.9279518,-0.36530548,0
0.79628,0.28541,2.9279518,-0.36530548,0
0.79837,0.28584,2.9279518,-0.36530548,0
0.80062,0.28607,2.9279518,-0.36530548,0
0.80296,0.28603,2.9279518,-0.36530548,0
0.80512,0.28618,2.9279518,-0.36530548,0
0.80637,0.28581,2.9279518,-0.36530548,0
0.80736,0.28476,2.9279518,-0.36530548,0
0.80753,0.28396,2.8747985,-0.38692442,0
0.80667,0.28387,2.8747985,-0.38692442,0
0.80577,0.28402,2.8747985,-0.38692442,0
0.8059,0.28497,2.8747985,-0.38692442,0
0.80618,0.28605,2.8747985,-0.38692442,0
0.80637,0.2867,2.8747985,-0.38692442,0
0.80728,0.28741,2.8747985,-0.38692442,0
0.80874,0.28862,2.8747985,-0.38692442,0
0.81043,0.29023,2.8747985,-0.38692442,0
0.81219,0.29131,3.415023,-0.30445647,0
0.81347,0.29208,3.415023,-0.30445647,0
0.8142,0.29288,3.415023,-0.30445647,0
0.81404,0.29302,3.415023,-0.30445647,0
0.81343,0.29278,3.415023,-0.30445647,0
0.81376,0.29301,3.415023,-0.30445647,0
0.81471,0.29351,3.415023,-0.30445647,0
0.81582,0.294,3.415023,-0.30445647,0
0.81709,0.29416,3.415023,-0.30445647,0
0.81843,0.29439,3.415023,-0.30445647,0
0.81976,0.29515,4.8488894,-1.8693061,0
0.82081,0.2958,4.8488894,-1.8693061,0
0.82108,0.29595,4.8488894,-1.8693061,0
0.82082,0.29567,4.8488894,-1.8693061,0
0.82027,0.29507,4.8488894,-1.8693061,0
0.82001,0.29455,4.8488894,-1.8693061,0
0.81995,0.2943,4.8488894,-1.8693061,0
0.82052,0.2944,3.8213613,0.014236873,0
0.8209,0.29461,3.8213613,0.014236873,0
0.82115,0.29507,3.8213613,0.014236873,0
0.82114,0.29513,3.8213613,0.014236873,0
0.82144,0.29474,3.8213613,0.014236873,0
0.8217,0.29473,3.8213613,0.014236873,0
0.82203,0.29532,3.8213613,0.014236873,0
0.82262,0.29612,3.8213613,0.014236873,0
0.82314,0.297,3.8213613,0.014236873,0
0.82415,0.29818,4.7903886,-0.28091484,0
0.82514,0.29892,4.7903886,-0.28091484,0
0.82549,0.29868,4.7903886,-0.28091484,0
0.82495,0.29831,4.7903886,-0.28091484,0
0.82462,0.29836,4.7903886,-0.28091484,0
0.82439,0.29831,4.7903886,-0.28091484,0
0.82482,0.29873,4.7903886,-0.28091484,0
0.82532,0.29961,4.7903886,-0.28091484,0
0.82607,0.30077,4.401357,-1.363839,0
0.82705,0.30197,4.401357,-1.363839,0
0.82767,0.30283,4.401357,-1.363839,0
0.82793,0.30336,4.401357,-1.363839,0
0.82823,0.3039,4.401357,-1.363839,0
0.82816,0.30426,4.401357,-1.363839,0
0.8279,0.30459,4.401357,-1.363839,0
0.82787,0.30504,4.401357,-1.363839,0
0.82795,0.3053,4.401357,-1.363839,0
0.82796,0.30559,4.401357,-1.363839,0
0.82804,0.30579,4.401357,-1.363839,0
0.82839,0.30578,4.401357,-1.363839,0
0.82892,0.30607,4.413083,-0.62240523,0
0.82923,0.30602,4.413083,-0.62240523,0
0.8297,0.30599,4.413083,-0.62240523,0
0.83034,0.30569,4.413083,-0.62240523,0
0.83132,0.30532,4.413083,-0.62240523,0
0.83234,0.30445,4.413083,-0.62240523,0
0.83362,0.30312,4.413083,-0.62240523,0
0.8344,0.30205,4.413083,-0.62240523,0
0.83496,0.30061,4.413083,-0.62240523,0
0.83539,0.29916,4.413083,-0.62240523,0
0.83574,0.29761,4.9250126,-0.9658028,0
0.83651,0.29574,4.9250126,-0.9658028,0
0.83752,0.29339,4.9250126,-0.9658028,0
0.8384,0.29092,4.9250126,-0.9658028,0
0.83896,0.28836,4.9250126,-0.9658028,0
0.83949,0.28546,4.9250126,-0.9658028,0
0.83997,0.28277,4.9250126,-0.9658028,0
0.84066,0.28003,4.792552,-0.17219248,0
0.84126,0.27754,4.792552,-0.17219248,0
0.84207,0.2756,4.792552,-0.17219248,0
0.84318,0.27381,4.792552,-0.17219248,0
0.84459,0.27216,4.792552,-0.17219248,0
0.84604,0.27061,4.792552,-0.17219248,0
0.84718,0.26914,4.792552,-0.17219248,0
0.84795,0.26765,4.792552,-0.17219248,0
0.84855,0.26667,4.792552,-0.17219248,0
0.84887,0.26637,4.792552,-0.17219248,0
0.84895,0.26637,3.8186378,-0.05135088,0
0.84932,0.26627,3.8186378,-0.05135088,0
0.85031,0.266,3.8186378,-0.05135088,0
0.85148,0.26594,3.8186378,-0.05135088,0
0.8525,0.26593,3.8186378,-0.05135088,0
0.85311,0.2656,3.8186378,-0.05135088,0
0.85347,0.26491,3.8186378,-0.05135088,0
0.85365,0.26398,3.876011,0.3775817,0
0.85396,0.26259,3.876011,0.3775817,0
0.85422,0.26137,3.876011,0.3775817,0
0.85469,0.26037,3.876011,0.3775817,0
0.85555,0.2597,3.876011,0.3775817,0
0.85656,0.25918,3.876011,0.3775817,0
0.85731,0.25872,3.876011,0.3775817,0
0.8577,0.25797,3.876011,0.3775817,0
0.85807,0.25684,3.876011,0.3775817,0
0.85839,0.25568,3.876011,0.3775817,0
0.85831,0.25436,1.6834621,3.8465734,0
0.8583,0.25312,1.6834621,3.8465734,0
0.8585,0.2525,1.6834621,3.8465734,0
0.85872,0.2521,1.6834621,3.8465734,0
0.85902,0.25179,1.6834621,3.8465734,0
0.85932,0.25165,1.6834621,3.8465734,0
0.85949,0.25155,1.6834621,3.8465734,0
0.85934,0.25129,1.6834621,3.8465734,0
0.8591,0.25108,1.6834621,3.8465734,0
0.85876,0.25037,1.8098911,2.3262665,0
0.8584,0.24979,1.8098911,2.3262665,0
0.85805,0.24927,1.8098911,2.3262665,0
0.85802,0.24863,1.8098911,2.3262665,0
0.85822,0.24808,1.8098911,2.3262665,0
0.85859,0.24759,1.8098911,2.3262665,0
0.85908,0.24743,1.8098911,2.3262665,0
0.85953,0.24727,1.8098911,2.3262665,0
0.86015,0.24736,1.8098911,2.3262665,0
0.86078,0.24782,1.8098911,2.3262665,0
0.86123,0.24811,1.8098911,2.3262665,0
0.86183,0.24781,1.2476027,3.8492768,0
0.86208,0.24773,1.2476027,3.8492768,0
0.86236,0.24835,1.2476027,3.8492768,0
0.86256,0.24904,1.2476027,3.8492768,0
0.86266,0.24926,1.2476027,3.8492768,0
0.8625,0.24914,1.2476027,3.8492768,0
0.86222,0.24905,1.2476027,3.8492768,0
0.86209,0.24887,1.2476027,3.8492768,0
0.86214,0.24874,1.2476027,3.8492768,0
0.8625,0.24875,1.2476027,3.8492768,0
0.8627,0.24876,1.2476027,3.8492768,0
0.86294,0.24887,1.2476027,3.8492768,0
0.86305,0.24924,1.2476027,3.8492768,0
0.86317,0.24949,1.2476027,3.8492768,0
0.8635,0.24949,1.2476027,3.8492768,0
0.86404,0.24933,1.2476027,3.8492768,0
0.86433,0.24965,1.2476027,3.8492768,0
0.86468,0.25007,1.2476027,3.8492768,0
0.86483,0.25018,1.2831095,3.3589978,0
0.8649,0.25027,1.2831095,3.3589978,0
0.86477,0.25009,1.2831095,3.3589978,0
0.86452,0.24972,1.2831095,3.3589978,0
0.86451,0.24948,1.2831095,3.3589978,0
0.8646,0.24954,1.2831095,3.3589978,0
0.86481,0.24992,1.2831095,3.3589978,0
0.86487,0.25044,1.2831095,3.3589978,0
0.86514,0.25146,1.306805,2.9566371,0
0.8654,0.25212,1.306805,2.9566371,0
0.86574,0.25236,1.306805,2.9566371,0
0.86579,0.25289,1.306805,2.9566371,0
0.8656,0.25374,1.306805,2.9566371,0
0.86533,0.25412,1.306805,2.9566371,0
0.86515,0.25405,1.306805,2.9566371,0
0.86478,0.25402,1.306805,2.9566371,0
0.86449,0.25375,1.306805,2.9566371,0
0.86437,0.25376,1.306805,2.9566371,0
0.86403,0.25408,1.306805,2.9566371,0
0.86417,0.25444,1.306805,2.9566371,0
0.86435,0.2546,1.7136258,3.4555075,0
0.86444,0.25497,1.7136258,3.4555075,0
0.86471,0.25541,1.7136258,3.4555075,0
0.86504,0.25593,1.7136258,3.4555075,0
0.86533,0.2565,1.7136258,3.4555075,0
0.86543,0.25697,1.7136258,3.4555075,0
0.86531,0.25767,1.7136258,3.4555075,0
0.8654,0.25853,1.7119286,2.4799025,0
0.86567,0.25965,1.7119286,2.4799025,0
0.86652,0.26108,1.7119286,2.4799025,0
0.86741,0.26237,1.7119286,2.4799025,0
0.86815,0.26337,1.7119286,2.4799025,0
0.8686,0.26437,1.7119286,2.4799025,0
0.86864,0.26504,1.7119286,2.4799025,0
0.86829,0.2652,1.7119286,2.4799025,0
0.86801,0.26522,1.7119286,2.4799025,0
0.86771,0.26487,1.7119286,2.4799025,0
0.8677,0.26429,1.7119286,2.4799025,0
0.8677,0.26443,2.2458625,2.1545353,0
0.86771,0.26476,2.2458625,2.1545353,0
0.86773,0.26521,2.2458625,2.1545353,0
0.86785,0.26567,2.2458625,2.1545353,0
0.86802,0.26587,2.2458625,2.1545353,0
0.86791,0.26556,2.2458625,2.1545353,0
0.8677,0.2652,2.2458625,2.1545353,0
0.86756,0.26501,2.2458625,2.1545353,0
0.86761,0.26522,2.2458625,2.1545353,0
0.8677,0.26567,2.2504134,1.760923,0
0.86778,0.26624,2.2504134,1.760923,0
0.86796,0.26654,2.2504134,1.760923,0
0.86822,0.26691,2.2504134,1.760923,0
0.86842,0.26719,2.2504134,1.760923,0
0.86852,0.26736,2.2504134,1.760923,0
0.86852,0.26745,2.2504134,1.760923,0
0.86849,0.26736,2.2504134,1.760923,0
0.86862,0.26751,2.2504134,1.760923,0
0.8687,0.26797,1.8993257,0.5839079,0
0.86878,0.26854,1.8993257,0.5839079,0
0.86899,0.26935,1.8993257,0.5839079,0
0.8689,0.27031,1.8993257,0.5839079,0
0.86847,0.27077,1.8993257,0.5839079,0
0.86792,0.27094,1.8993257,0.5839079,0
0.86741,0.27093,1.8993257,0.5839079,0
0.86685,0.27059,1.8993257,0.5839079,0
0.86664,0.26994,1.8993257,0.5839079,0
0.86664,0.26992,1.9039779,0.6157259,0
0.86661,0.27032,1.9039779,0.6157259,0
0.8667,0.27074,1.9039779,0.6157259,0
0.86687,0.27104,1.9039779,0.6157259,0
0.86701,0.27142,1.9039779,0.6157259,0
0.86694,0.27127,1.9039779,0.6157259,0
0.86677,0.27111,1.9039779,0.6157259,0
0.86647,0.27117,1.9039779,0.6157259,0
0.86659,0.27134,1.9039779,0.6157259,0
0.86668,0.27134,1.2804248,2.3037505,0
0.86668,0.27138,1.2804248,2.3037505,0
0.8667,0.27147,1.2804248,2.3037505,0
0.86712,0.27152,1.2804248,2.3037505,0
0.86773,0.2716,1.2804248,2.3037505,0
0.86806,0.27151,1.2804248,2.3037505,0
0.8682,0.27154,19.616772,-0.51421416,1
0.86844,0.27159,19.616772,-0.51421416,1
0.88378,0.48259,19.616772,-0.51421416,1
0.88382,0.48245,19.616772,-0.51421416,1
0.88365,0.48304,19.616772,-0.51421416,1
0.88332,0.48383,19.616772,-0.51421416,1
0.88295,0.4843,19.616772,-0.51421416,1
0.88227,0.48449,19.617044,-0.018933265,1
0.88152,0.48442,19.617044,-0.018933265,1
0.88127,0.48445,19.617044,-0.018933265,1
0.88164,0.48476,19.617044,-0.018933265,1
0.88225,0.48472,19.617044,-0.018933265,1
0.88252,0.4846,19.617044,-0.018933265,1
0.88285,0.48429,19.617044,-0.018933265,1
0.88348,0.48369,19.249468,-0.4931163,1
0.88319,0.48308,19.249468,-0.4931163,1
0.88207,0.48197,19.249468,-0.4931163,1
0.88157,0.48098,19.249468,-0.4931163,1
0.882,0.48031,19.249468,-0.4931163,1
0.88246,0.47998,19.249468,-0.4931163,1
0.88271,0.47994,19.249468,-0.4931163,1
0.88305,0.47985,19.249468,-0.4931163,1
0.88331,0.47952,19.249468,-0.4931163,1
0.88318,0.47923,19.249468,-0.4931163,1
0.88265,0.47874,19.249468,-0.4931163,1
0.88229,0.47853,18.561417,0.44111305,1
0.88206,0.47852,18.561417,0.44111305,1
0.8822,0.47851,18.561417,0.44111305,1
0.88238,0.47877,18.561417,0.44111305,1
0.88243,0.47896,18.561417,0.44111305,1
0.88269,0.47908,18.561417,0.44111305,1
0.88299,0.47899,18.561417,0.44111305,1
0.88324,0.47921,18.561417,0.44111305,1
0.88312,0.47934,18.570759,0.82694775,1
0.88301,0.4795,18.570759,0.82694775,1
0.8831,0.47953,18.570759,0.82694775,1
0.8836,0.47986,18.570759,0.82694775,1
0.88424,0.48026,18.570759,0.82694775,1
0.88443,0.48024,18.570759,0.82694775,1
0.88464,0.48056,18.570759,0.82694775,1
0.88455,0.48074,18.570759,0.82694775,1
0.88441,0.48097,18.846027,-0.28547147,1
0.88445,0.48156,18.846027,-0.28547147,1
0.88471,0.48211,18.846027,-0.28547147,1
0.88497,0.48273,18.846027,-0.28547147,1
0.88521,0.4828,18.846027,-0.28547147,1
0.88524,0.4826,18.846027,-0.28547147,1
0.88532,0.48287,18.846027,-0.28547147,1
0.88563,0.48303,18.846027,-0.28547147,1
0.88573,0.48302,18.846027,-0.28547147,1
0.88535,0.48284,19.203964,0.65129673,1
0.88485,0.48229,19.203964,0.65129673,1
0.88445,0.48162,19.203964,0.65129673,1
0.88405,0.48131,19.203964,0.65129673,1
0.88356,0.48114,19.203964,0.65129673,1
0.88316,0.4809,19.203964,0.65129673,1
0.88333,0.48113,19.203964,0.65129673,1
0.88376,0.48152,19.203964,0.65129673,1
0.88405,0.48154,18.619518,-0.26550838,1
0.88416,0.48128,18.619518,-0.26550838,1
0.88411,0.48069,18.619518,-0.26550838,1
0.88401,0.48016,18.619518,-0.26550838,1
0.8841,0.47989,18.619518,-0.26550838,1
0.88464,0.48007,18.619518,-0.26550838,1
0.88533,0.48065,18.619518,-0.26550838,1
0.88606,0.48132,18.619518,-0.26550838,1
0.8867,0.48191,18.619518,-0.26550838,1
0.88682,0.48219,18.325964,0.022762232,1
0.88655,0.482,18.325964,0.022762232,1
0.88599,0.48167,18.325964,0.022762232,1
0.8855,0.48148,18.325964,0.022762232,1
0.88546,0.48132,18.325964,0.022762232,1
0.88555,0.48128,18.325964,0.022762232,1
0.88574,0.48129,18.325964,0.022762232,1
0.88581,0.48106,18.325964,0.022762232,1
0.88607,0.48092,18.325964,0.022762232,1
0.88655,0.48123,18.323187,-0.35888088,1
0.88719,0.48164,18.323187,-0.35888088,1
0.88759,0.48177,18.323187,-0.35888088,1
0.88756,0.48178,18.323187,-0.35888088,1
0.88735,0.48156,18.323187,-0.35888088,1
0.88708,0.48128,18.323187,-0.35888088,1
0.8867,0.48101,18.323187,-0.35888088,1
0.88603,0.48059,18.323187,-0.35888088,1
0.88561,0.4799,18.323187,-0.35888088,1
0.88548,0.47945,18.323187,-0.35888088,1
0.8857,0.47931,17.901257,0.8043727,1
0.8861,0.47929,17.901257,0.8043727,1
0.88659,0.47925,17.901257,0.8043727,1
0.887,0.47933,17.901257,0.8043727,1
0.88726,0.4795,17.901257,0.8043727,1
0.88721,0.47966,17.901257,0.8043727,1
0.88686,0.47974,17.901257,0.8043727,1
0.88633,0.47983,17.901257,0.8043727,1
0.88581,0.47994,17.919024,1.2664132,1
0.88524,0.47998,17.919024,1.2664132,1
0.88479,0.47993,17.919024,1.2664132,1
0.88455,0.47946,17.919024,1.2664132,1
0.88453,0.47905,17.919024,1.2664132,1
0.88459,0.4789,17.919024,1.2664132,1
0.88467,0.47878,17.919024,1.2664132,1
0.88478,0.47888,17.919024,1.2664132,1
0.88507,0.47836,17.919024,1.2664132,1
0.88538,0.47809,18.563116,0.7430643,1
0.88573,0.47847,18.563116,0.7430643,1
0.88598,0.47896,18.563116,0.7430643,1
0.88569,0.47887,18.563116,0.7430643,1
0.88523,0.47876,18.563116,0.7430643,1
0.88486,0.47844,18.563116,0.7430643,1
0.88456,0.478,18.563116,0.7430643,1
0.88429,0.47801,18.563116,0.7430643,1
0.88383,0.47807,18.563116,0.7430643,1
0.88329,0.47717,18.563116,0.7430643,1
0.88319,0.47633,18.563116,0.7430643,1
0.88348,0.4768,18.561417,0.44111305,1
0.88401,0.47719,18.561417,0.44111305,1
0.88449,0.47735,18.561417,0.44111305,1
0.88467,0.47737,18.561417,0.44111305,1
0.88464,0.4775,18.561417,0.44111305,1
0.88439,0.47777,18.561417,0.44111305,1
0.88384,0.47795,18.561417,0.44111305,1
0.88318,0.478,18.561417,0.44111305,1
0.88283,0.47802,18.846033,-0.669866,1
0.88261,0.4781,18.846033,-0.669866,1
0.88247,0.478,18.846033,-0.669866,1
0.88247,0.4781,18.846033,-0.669866,1
0.88277,0.47847,18.846033,-0.669866,1
0.88322,0.47896,18.846033,-0.669866,1
0.88341,0.47918,18.846033,-0.669866,1
0.88353,0.47903,18.846033,-0.669866,1
0.8835,0.4785,18.846033,-0.669866,1
0.88356,0.47762,18.846033,-0.669866,1
0.88332,0.47713,18.846033,-0.669866,1
0.88278,0.47729,18.778698,-0.15508199,1
0.88255,0.47753,18.778698,-0.15508199,1
0.88291,0.47819,18.778698,-0.15508199,1
0.8832,0.47888,18.778698,-0.15508199,1
0.88321,0.47911,18.778698,-0.15508199,1
0.88311,0.47918,18.778698,-0.15508199,1
0.88306,0.47932,18.778698,-0.15508199,1
0.88321,0.47955,18.778698,-0.15508199,1
0.88359,0.4798,18.778698,-0.15508199,1
0.88433,0.48046,19.229961,0.5238864,1
0.88517,0.48129,19.229961,0.5238864,1
0.88605,0.48208,19.229961,0.5238864,1
0.88678,0.48273,19.229961,0.5238864,1
0.88708,0.48287,19.229961,0.5238864,1
0.8868,0.48253,19.229961,0.5238864,1
0.88594,0.48196,19.229961,0.5238864,1
0.88488,0.48125,19.229961,0.5238864,1
0.88383,0.4807,19.869253,0.044607207,1
0.88283,0.4803,19.869253,0.044607207,1
0.88153,0.48008,19.869253,0.044607207,1
0.87965,0.47929,19.869253,0.044607207,1
0.87842,0.47858,19.869253,0.044607207,1
0.87809,0.47815,19.869253,0.044607207,1
0.87799,0.4777,19.869253,0.044607207,1
0.87802,0.47769,19.869253,0.044607207,1
0.87804,0.47791,19.869253,0.044607207,1
0.87789,0.47787,20.4965,-0.34166688,1
0.87778,0.47709,20.4965,-0.34166688,1
0.87728,0.47629,20.4965,-0.34166688,1
0.87687,0.47608,20.4965,-0.34166688,1
0.87684,0.47647,20.4965,-0.34166688,1
0.87697,0.4773,20.4965,-0.34166688,1
0.8772,0.47836,20.4965,-0.34166688,1
0.87748,0.47901,20.4965,-0.34166688,1
0.87772,0.47922,20.4965,-0.34166688,1
0.87818,0.47974,20.758772,-0.4744406,1
0.8787,0.48041,20.758772,-0.4744406,1
0.87943,0.48079,20.758772,-0.4744406,1
0.87986,0.48132,20.758772,-0.4744406,1
0.87974,0.48179,20.758772,-0.4744406,1
0.87924,0.48186,20.758772,-0.4744406,1
0.87882,0.48179,20.758772,-0.4744406,1
0.87835,0.48148,20.758772,-0.4744406,1
0.87803,0.48137,20.758772,-0.4744406,1
0.87774,0.48121,20.758772,-0.4744406,1
0.87743,0.48111,20.5005,0.05276613,1
0.87728,0.48121,20.5005,0.05276613,1
0.8772,0.48149,20.5005,0.05276613,1
0.87744,0.48178,20.5005,0.05276613,1
0.87751,0.48186,20.5005,0.05276613,1
0.87707,0.48158,20.5005,0.05276613,1
0.87641,0.4814,20.5005,0.05276613,1
0.87616,0.48146,20.5005,0.05276613,1
0.87606,0.48172,20.5005,0.05276613,1
0.87578,0.48207,20.5005,0.05276613,1
0.87493,0.48175,21.420511,-0.5188093,1
0.87433,0.48117,21.420511,-0.5188093,1
0.87397,0.48096,21.420511,-0.5188093,1
0.87386,0.4812,21.420511,-0.5188093,1
0.87391,0.4816,21.420511,-0.5188093,1
0.87377,0.48194,21.420511,-0.5188093,1
0.87334,0.48194,21.420511,-0.5188093,1
0.87307,0.48188,21.420511,-0.5188093,1
0.87262,0.48154,21.420511,-0.5188093,1
0.87193,0.48113,20.76139,-0.24364473,1
0.87156,0.48052,20.76139,-0.24364473,1
0.87126,0.48046,20.76139,-0.24364473,1
0.87119,0.48052,20.76139,-0.24364473,1
0.87129,0.48066,20.76139,-0.24364473,1
0.87111,0.48055,20.76139,-0.24364473,1
0.87049,0.47996,20.76139,-0.24364473,1
0.86984,0.47924,20.76139,-0.24364473,1
0.86934,0.47852,20.76139,-0.24364473,1
0.86912,0.47821,20.76139,-0.24364473,1
0.86907,0.47811,19.892786,-0.59843856,1
0.86906,0.47837,19.892786,-0.59843856,1
0.86876,0.47851,19.892786,-0.59843856,1
0.86856,0.4787,19.892786,-0.59843856,1
0.86856,0.47886,19.892786,-0.59843856,1
0.86887,0.47891,19.892786,-0.59843856,1
0.86927,0.47884,19.892786,-0.59843856,1
0.87009,0.47907,19.892786,-0.59843856,1
0.87132,0.47991,19.892786,-0.59843856,1
0.87264,0.48051,19.892786,-0.59843856,1
0.87333,0.48058,19.892786,-0.59843856,1
0.87323,0.4805,19.892786,-0.59843856,1
0.87264,0.47956,19.892786,-0.59843856,1
0.87264,0.47868,19.892786,-0.59843856,1
0.87333,0.47791,19.892786,-0.59843856,1
0.87427,0.47712,19.892786,-0.59843856,1
0.875,0.47635,19.892786,-0.59843856,1
0.87571,0.47603,19.892786,-0.59843856,1
0.87624,0.476,19.892786,-0.59843856,1
0.877,0.47528,19.435907,-0.06263114,1
0.87748,0.47405,19.435907,-0.06263114,1
0.87766,0.47258,19.435907,-0.06263114,1
0.87786,0.47127,19.435907,-0.06263114,1
0.87796,0.46984,19.435907,-0.06263114,1
0.87824,0.46835,19.435907,-0.06263114,1
0.87864,0.46726,19.435907,-0.06263114,1
0.87909,0.46649,19.435907,-0.06263114,1
0.87916,0.46551,19.435907,-0.06263114,1
0.87898,0.4644,19.712746,-0.14191349,1
0.87877,0.46331,19.712746,-0.14191349,1
0.87879,0.46239,19.712746,-0.14191349,1
0.87875,0.46143,19.712746,-0.14191349,1
0.87881,0.46051,19.712746,-0.14191349,1
0.87889,0.45979,19.712746,-0.14191349,1
0.87912,0.45912,19.712746,-0.14191349,1
0.87945,0.4584,19.712746,-0.14191349,1
0.87987,0.45817,19.712746,-0.14191349,1
0.88034,0.45805,19.712746,-0.14191349,1
0.88081,0.45728,18.90159,0.032356203,1
0.88114,0.45625,18.90159,0.032356203,1
0.88166,0.45575,18.90159,0.032356203,1
0.88274,0.45623,18.90159,0.032356203,1
0.88369,0.45648,18.90159,0.032356203,1
0.88398,0.45651,18.90159,0.032356203,1
0.88376,0.45575,18.90159,0.032356203,1
0.88342,0.45452,18.90159,0.032356203,1
0.88337,0.45349,18.224327,1.272314,1
0.88306,0.45265,18.224327,1.272314,1
0.88274,0.45193,18.224327,1.272314,1
0.88252,0.45107,18.224327,1.272314,1
0.88271,0.45057,18.224327,1.272314,1
0.88327,0.45005,18.224327,1.272314,1
0.8839,0.44942,18.224327,1.272314,1
0.88451,0.44891,-19.17459,-0.5090825,2
0.8848,0.44842,-19.17459,-0.5090825,2
0.8849,0.44804,-19.17459,-0.5090825,2
0.8929,0.13363,-19.17459,-0.5090825,2
0.89207,0.1331,-19.17459,-0.5090825,2
0.89152,0.13306,-19.17459,-0.5090825,2
0.89094,0.13332,-19.17459,-0.5090825,2
0.89072,0.1337,-19.17459,-0.5090825,2
0.89075,0.13427,-19.17459,-0.5090825,2
0.89091,0.13517,-19.17459,-0.5090825,2
0.89147,0.1363,-18.247843,-1.426886,2
0.89217,0.13739,-18.247843,-1.426886,2
0.893,0.1385,-18.247843,-1.426886,2
0.89385,0.13908,-18.247843,-1.426886,2
0.89482,0.13961,-18.247843,-1.426886,2
0.89603,0.14027,-18.247843,-1.426886,2
0.89682,0.14117,-18.247843,-1.426886,2
0.89755,0.14192,-18.250456,-1.1218854,2
0.89823,0.14252,-18.250456,-1.1218854,2
0.89896,0.1435,-18.250456,-1.1218854,2
0.89987,0.14494,-18.250456,-1.1218854,2
0.90081,0.14649,-18.250456,-1.1218854,2
0.9016,0.14764,-18.250456,-1.1218854,2
0.90241,0.14852,-18.250456,-1.1218854,2
0.90305,0.14897,-18.250456,-1.1218854,2
0.90339,0.14903,-18.250456,-1.1218854,2
0.9033,0.14865,-18.250456,-1.1218854,2
0.90313,0.14819,-17.666939,-1.2855389,2
0.90302,0.14795,-17.666939,-1.2855389,2
0.9033,0.14843,-17.666939,-1.2855389,2
0.90392,0.1493,-17.666939,-1.2855389,2
0.90449,0.15016,-17.666939,-1.2855389,2
0.90459,0.15101,-17.666939,-1.2855389,2
0.90456,0.15192,-17.666939,-1.2855389,2
0.90438,0.15277,-17.666939,-1.2855389,2
0.90447,0.15343,-17.666939,-1.2855389,2
0.90439,0.15378,-17.666939,-1.2855389,2
0.90448,0.15432,-17.332178,-0.34981993,2
0.90451,0.15532,-17.332178,-0.34981993,2
0.90465,0.15688,-17.332178,-0.34981993,2
0.90487,0.1582,-17.332178,-0.34981993,2
0.9049,0.15895,-17.332178,-0.34981993,2
0.90452,0.15892,-17.332178,-0.34981993,2
0.90349,0.15752,-17.332178,-0.34981993,2
0.90287,0.15656,-17.332178,-0.34981993,2
0.90267,0.15653,-17.332178,-0.34981993,2
0.90237,0.15678,-17.655018,-1.3692341,2
0.90209,0.15685,-17.655018,-1.3692341,2
0.90203,0.15714,-17.655018,-1.3692341,2
0.90201,0.15758,-17.655018,-1.3692341,2
0.90249,0.15842,-17.655018,-1.3692341,2
0.90299,0.15907,-17.655018,-1.3692341,2
0.90318,0.15932,-17.655018,-1.3692341,2
0.90355,0.15948,-17.655018,-1.3692341,2
0.90338,0.15918,-17.655018,-1.3692341,2
0.90292,0.15854,-17.628277,-0.21965727,2
0.90237,0.15828,-17.628277,-0.21965727,2
0.90221,0.15848,-17.628277,-0.21965727,2
0.90224,0.1588,-17.628277,-0.21965727,2
0.9022,0.15913,-17.628277,-0.21965727,2
0.90201,0.15947,-17.628277,-0.21965727,2
0.90158,0.15972,-17.628277,-0.21965727,2
0.90127,0.15988,-17.628277,-0.21965727,2
0.90138,0.16022,-17.628277,-0.21965727,2
0.90164,0.16063,-17.611609,-1.115472,2
0.90182,0.16093,-17.611609,-1.115472,2
0.9019,0.16115,-17.611609,-1.115472,2
0.90153,0.16111,-17.611609,-1.115472,2
0.90102,0.16088,-17.611609,-1.115472,2
0.90078,0.16042,-17.611609,-1.115472,2
0.90107,0.16002,-17.611609,-1.115472,2
0.90147,0.16025,-17.611609,-1.115472,2
0.9019,0.1612,-17.611609,-1.115472,2
0.90223,0.16209,-17.021145,-2.0074985,2
0.90241,0.16266,-17.021145,-2.0074985,2
0.90251,0.16304,-17.021145,-2.0074985,2
0.90286,0.16314,-17.021145,-2.0074985,2
0.90296,0.16299,-17.021145,-2.0074985,2
0.90271,0.1627,-17.021145,-2.0074985,2
0.90184,0.16235,-17.021145,-2.0074985,2
0.90104,0.16182,-17.021145,-2.0074985,2
0.9008,0.16182,-17.021145,-2.0074985,2
0.9011,0.16266,-17.021145,-2.0074985,2
0.90158,0.1636,-17.021145,-2.0074985,2
0.90204,0.16421,-17.650331,-1.8114548,2
0.90228,0.16453,-17.650331,-1.8114548,2
0.9024,0.16451,-17.650331,-1.8114548,2
0.90257,0.16455,-17.650331,-1.8114548,2
0.90265,0.16473,-17.650331,-1.8114548,2
0.90275,0.16536,-17.650331,-1.8114548,2
0.90254,0.16576,-17.650331,-1.8114548,2
0.902,0.16605,-17.650331,-1.8114548,2
0.90122,0.16593,-17.650331,-1.8114548,2
0.90059,0.16583,-17.020649,-1.88679,2
0.90042,0.16585,-17.020649,-1.88679,2
0.90057,0.16604,-17.020649,-1.88679,2
0.90098,0.16627,-17.020649,-1.88679,2
0.90117,0.16658,-17.020649,-1.88679,2
0.90098,0.16681,-17.020649,-1.88679,2
0.90081,0.16698,-17.020649,-1.88679,2
0.90089,0.16741,-17.020649,-1.88679,2
0.90108,0.1678,-17.020649,-1.88679,2
0.90124,0.16758,-17.020649,-1.88679,2
0.90086,0.16687,-17.020649,-1.88679,2
0.90026,0.1666,-17.020649,-1.88679,2
0.90006,0.16708,-17.020649,-1.88679,2
0.90041,0.16784,-17.020649,-1.88679,2
0.90087,0.16841,-17.020649,-1.88679,2
0.90111,0.1684,-17.020649,-1.88679,2
0.90116,0.16804,-17.020649,-1.88679,2
0.9011,0.16776,-17.020649,-1.88679,2
0.90118,0.16779,-17.021145,-2.0074985,2
0.90153,0.16822,-17.021145,-2.0074985,2
0.90213,0.16885,-17.021145,-2.0074985,2
0.90273,0.16976,-17.021145,-2.0074985,2
0.90285,0.17034,-17.021145,-2.0074985,2
0.90242,0.1701,-17.021145,-2.0074985,2
0.9018,0.16961,-17.021145,-2.0074985,2
0.90143,0.1694,-17.021145,-2.0074985,2
0.90138,0.16951,-17.944,-1.7339954,2
0.90172,0.16978,-17.944,-1.7339954,2
0.90197,0.17005,-17.944,-1.7339954,2
0.90198,0.17043,-17.944,-1.7339954,2
0.90188,0.17075,-17.944,-1.7339954,2
0.90173,0.17133,-17.944,-1.7339954,2
0.90181,0.17194,-17.944,-1.7339954,2
0.90218,0.17239,-17.944,-1.7339954,2
0.90213,0.17223,-17.944,-1.7339954,2
0.90173,0.17159,-17.036972,-1.9390944,2
0.90126,0.1711,-17.036972,-1.9390944,2
0.90131,0.17126,-17.036972,-1.9390944,2
0.90186,0.17169,-17.036972,-1.9390944,2
0.90232,0.17194,-17.036972,-1.9390944,2
0.90235,0.17179,-17.036972,-1.9390944,2
0.9027,0.17161,-17.036972,-1.9390944,2
0.90318,0.17217,-17.036972,-1.9390944,2
0.90388,0.17321,-17.036972,-1.9390944,2
0.90455,0.17415,-17.036972,-1.9390944,2
0.90481,0.17448,-17.012094,-1.7886136,2
0.90444,0.17392,-17.012094,-1.7886136,2
0.90363,0.17267,-17.012094,-1.7886136,2
0.9029,0.17164,-17.012094,-1.7886136,2
0.90273,0.17134,-17.012094,-1.7886136,2
0.90251,0.17113,-17.012094,-1.7886136,2
0.9028,0.17114,-17.012094,-1.7886136,2
0.90307,0.17141,-17.012094,-1.7886136,2
0.90324,0.17187,-17.012094,-1.7886136,2
0.90351,0.17239,-17.012094,-1.7886136,2
0.90391,0.17284,-17.012094,-1.7886136,2
0.90426,0.17317,-17.012094,-1.7886136,2
0.90412,0.17298,-17.012094,-1.7886136,2
0.90351,0.17238,-17.012094,-1.7886136,2
0.90275,0.17197,-17.012094,-1.7886136,2
0.90237,0.17177,-17.012094,-1.7886136,2
0.90264,0.17211,-17.012094,-1.7886136,2
0.9028,0.17243,-17.628986,-0.5924397,2
0.90276,0.17248,-17.628986,-0.5924397,2
0.90234,0.17243,-17.628986,-0.5924397,2
0.90196,0.17261,-17.628986,-0.5924397,2
0.90175,0.17294,-17.628986,-0.5924397,2
0.90189,0.17311,-17.628986,-0.5924397,2
0.90196,0.17292,-17.628986,-0.5924397,2
0.90135,0.17196,-17.628986,-0.5924397,2
0.90059,0.17066,-18.251778,-1.1292882,2
0.90006,0.16984,-18.251778,-1.1292882,2
0.90013,0.16993,-18.251778,-1.1292882,2
0.90071,0.1703,-18.251778,-1.1292882,2
0.90126,0.17078,-18.251778,-1.1292882,2
0.90154,0.17097,-18.251778,-1.1292882,2
0.90159,0.17086,-18.251778,-1.1292882,2
0.90157,0.17049,-18.251778,-1.1292882,2
0.9017,0.17077,-18.251778,-1.1292882,2
0.90177,0.17173,-18.251778,-1.1292882,2
0.90187,0.17226,-17.628117,-0.72532266,2
0.90177,0.17236,-17.628117,-0.72532266,2
0.9013,0.17236,-17.628117,-0.72532266,2
0.90105,0.17238,-17.628117,-0.72532266,2
0.9012,0.17253,-17.628117,-0.72532266,2
0.90148,0.17263,-17.628117,-0.72532266,2
0.9016,0.17261,-17.628117,-0.72532266,2
0.90136,0.17216,-17.628117,-0.72532266,2
0.90091,0.17203,-17.628117,-0.72532266,2
0.90067,0.17214,-17.448715,-2.048939,2
0.90059,0.17256,-17.448715,-2.048939,2
0.90059,0.17296,-17.448715,-2.048939,2
0.90019,0.17278,-17.448715,-2.048939,2
0.89933,0.17208,-17.448715,-2.048939,2
0.89852,0.17139,-17.448715,-2.048939,2
0.89816,0.17113,-17.448715,-2.048939,2
0.8984,0.17147,-17.448715,-2.048939,2
0.89879,0.17172,-17.448715,-2.048939,2
0.89889,0.17172,-17.028902,-1.5629147,2
0.8992,0.17128,-17.028902,-1.5629147,2
0.89955,0.17118,-17.028902,-1.5629147,2
0.90007,0.17203,-17.028902,-1.5629147,2
0.90087,0.17313,-17.028902,-1.5629147,2
0.90138,0.17377,-17.028902,-1.5629147,2
0.90119,0.17381,-17.028902,-1.5629147,2
0.90051,0.17302,-17.028902,-1.5629147,2
0.89993,0.17214,-17.020649,-1.88679,2
0.89983,0.17194,-17.020649,-1.88679,2
0.90002,0.17227,-17.020649,-1.88679,2
0.90044,0.17239,-17.020649,-1.88679,2
0.90086,0.17254,-17.020649,-1.88679,2
0.90123,0.17306,-17.020649,-1.88679,2
0.90158,0.17354,-17.020649,-1.88679,2
0.90214,0.17433,-17.020649,-1.88679,2
0.90256,0.17476,-17.020649,-1.88679,2
0.90262,0.17475,-17.020649,-1.88679,2
0.90213,0.17406,-17.020649,-1.88679,2
0.90129,0.17324,-17.020649,-1.88679,2
0.90077,0.17281,-17.0174,-1.481721,2
0.90073,0.17306,-17.0174,-1.481721,2
0.90114,0.17342,-17.0174,-1.481721,2
0.9016,0.17384,-17.0174,-1.481721,2
0.90187,0.17419,-17.0174,-1.481721,2
0.90227,0.1747,-17.0174,-1.481721,2
0.90246,0.17488,-17.0174,-1.481721,2
0.9028,0.17519,-17.0174,-1.481721,2
0.90303,0.17525,-17.628986,-0.5924397,2
0.90296,0.17473,-17.628986,-0.5924397,2
0.9022,0.17331,-17.628986,-0.5924397,2
0.9013,0.17169,-17.628986,-0.5924397,2
0.90067,0.17128,-17.628986,-0.5924397,2
0.90066,0.17176,-17.628986,-0.5924397,2
0.90065,0.1723,-17.628986,-0.5924397,2
0.90023,0.17245,-17.628986,-0.5924397,2
0.89981,0.17255,-17.628986,-0.5924397,2
0.89961,0.17254,-17.628986,-0.5924397,2
0.89984,0.17285,-17.628986,-0.5924397,2
0.9004,0.17371,-17.037481,-0.95975107,2
0.90089,0.17438,-17.037481,-0.95975107,2
0.90038,0.17388,-17.037481,-0.95975107,2
0.89915,0.17296,-17.037481,-0.95975107,2
0.89853,0.17239,-17.037481,-0.95975107,2
0.89809,0.17204,-17.037481,-0.95975107,2
0.89821,0.17206,-17.037481,-0.95975107,2
0.89831,0.1719,-17.037481,-0.95975107,2
0.89814,0.17142,-17.037481,-0.95975107,2
0.8976,0.1711,-17.037481,-0.95975107,2
0.89735,0.17123,-17.628986,-0.5924397,2
0.89739,0.17175,-17.628986,-0.5924397,2
0.89751,0.17202,-17.628986,-0.5924397,2
0.89717,0.17182,-17.628986,-0.5924397,2
0.89654,0.171,-17.628986,-0.5924397,2
0.89587,0.17032,-17.628986,-0.5924397,2
0.89573,0.17018,-17.628986,-0.5924397,2
0.89628,0.17052,-17.628986,-0.5924397,2
0.89697,0.17083,-17.642948,-1.4226904,2
0.89749,0.1711,-17.642948,-1.4226904,2
0.89806,0.17141,-17.642948,-1.4226904,2
0.89861,0.17197,-17.642948,-1.4226904,2
0.89943,0.17316,-17.642948,-1.4226904,2
0.90019,0.17414,-17.642948,-1.4226904,2
0.90064,0.17459,-17.642948,-1.4226904,2
0.90044,0.17405,-17.642948,-1.4226904,2
0.8998,0.17295,-16.866089,-1.3978571,2
0.89929,0.1722,10.39665,-4.1415615,3
0.89935,0.17197,10.39665,-4.1415615,3
0.89933,0.17194,10.39665,-4.1415615,3
1.19232,1.02537,10.39665,-4.1415615,3
1.19227,1.0238,10.39665,-4.1415615,3
1.19216,1.02017,10.39665,-4.1415615,3
1.1924,1.01659,10.39665,-4.1415615,3
1.19316,1.01454,10.179925,-3.1746116,3
1.19438,1.01537,10.179925,-3.1746116,3
1.19564,1.01672,10.179925,-3.1746116,3
1.19616,1.01678,10.179925,-3.1746116,3
1.19628,1.01528,10.179925,-3.1746116,3
1.1963,1.01299,10.179925,-3.1746116,3
1.19609,1.00985,10.179925,-3.1746116,3
1.19588,1.00644,10.179925,-3.1746116,3
1.19616,1.00436,10.179925,-3.1746116,3
1.1973,1.00429,9.382821,-3.0009682,3
1.19939,1.0076,9.382821,-3.0009682,3
1.20162,1.01297,9.382821,-3.0009682,3
1.20339,1.01718,9.382821,-3.0009682,3
1.20568,1.01998,9.382821,-3.0009682,3
1.20883,1.02476,9.382821,-3.0009682,3
1.2123,1.03237,9.382821,-3.0009682,3
1.21644,1.04198,9.382821,-3.0009682,3
1.22152,1.0543,9.382821,-3.0009682,3
1.22641,1.06765,9.382821,-3.0009682,3
1.23152,1.08386,7.784643,-3.485051,3
1.23731,1.10291,7.784643,-3.485051,3
1.24206,1.11887,7.784643,-3.485051,3
1.24538,1.1286,7.784643,-3.485051,3
1.24776,1.13363,7.784643,-3.485051,3
1.2492,1.13472,7.784643,-3.485051,3
1.24983,1.13226,7.784643,-3.485051,3
1.25024,1.12717,7.784643,-3.485051,3
1.2503,1.11997,7.784643,-3.485051,3
1.25026,1.11371,7.784643,-3.485051,3
1.25008,1.1071,6.5098968,-2.9548185,3
1.24991,1.10117,6.5098968,-2.9548185,3
1.24976,1.09537,6.5098968,-2.9548185,3
1.24971,1.09002,6.5098968,-2.9548185,3
1.24967,1.08555,6.5098968,-2.9548185,3
1.24966,1.08227,6.5098968,-2.9548185,3
1.24965,1.0797,6.5098968,-2.9548185,3
1.24939,1.07705,6.5098968,-2.9548185,3
1.24871,1.07393,6.5098968,-2.9548185,3
1.24784,1.06989,6.5098968,-2.9548185,3
1.24706,1.06618,2.6653535,-1.3752308,3
1.24686,1.06396,2.6653535,-1.3752308,3
1.24742,1.06357,2.6653535,-1.3752308,3
1.24867,1.06501,2.6653535,-1.3752308,3
1.2506,1.06765,2.6653535,-1.3752308,3
1.25253,1.06931,2.6653535,-1.3752308,3
1.25423,-0.51269,2.6653535,-1.3752308,3
1.25541,-0.51005,2.6653535,-1.3752308,3
1.25649,-0.50631,2.6653535,-1.3752308,3
1.25706,-0.50153,2.6653535,-1.3752308,3
1.25719,-0.49585,1.8446087,-1.7918591,3
1.25724,-0.48951,1.8446087,-1.7918591,3
1.25764,-0.4822,1.8446087,-1.7918591,3
1.25853,-0.47399,1.8446087,-1.7918591,3
1.2602,-0.46389,1.8446087,-1.7918591,3
1.26212,-0.45235,1.8446087,-1.7918591,3
1.26419,-0.43976,1.8446087,-1.7918591,3
1.26616,-0.42749,1.8446087,-1.7918591,3
1.26792,-0.41626,1.8446087,-1.7918591,3
1.26972,-0.40704,1.9337099,-1.0216427,3
1.27155,-0.40023,1.9337099,-1.0216427,3
1.27336,-0.39634,1.9337099,-1.0216427,3
1.27506,-0.39489,1.9337099,-1.0216427,3
1.27652,-0.39496,1.9337099,-1.0216427,3
1.27758,-0.39685,1.9337099,-1.0216427,3
1.27858,-0.40021,1.9337099,-1.0216427,3
1.27975,-0.40393,1.9337099,-1.0216427,3
1.28064,-0.40701,1.9337099,-1.0216427,3
1.28111,-0.40894,0.5266478,-1.145052,3
1.28131,-0.40979,0.5266478,-1.145052,3
1.28136,-0.40952,0.5266478,-1.145052,3
1.28161,-0.40852,0.5266478,-1.145052,3
1.2821,-0.40805,0.5266478,-1.145052,3
1.28275,-0.40856,0.5266478,-1.145052,3
1.2832,-0.40998,0.5266478,-1.145052,3
1.28344,-0.4123,0.5266478,-1.145052,3
1.28371,-0.41543,0.5266478,-1.145052,3
1.28367,-0.41881,-0.013643176,-0.97420204,3
1.28336,-0.42169,-0.013643176,-0.97420204,3
1.28327,-0.42417,-0.013643176,-0.97420204,3
1.28339,-0.42618,-0.013643176,-0.97420204,3
1.28343,-0.42881,-0.013643176,-0.97420204,3
1.28375,-0.43105,-0.013643176,-0.97420204,3
1.28418,-0.43286,-0.013643176,-0.97420204,3
1.28468,-0.43443,-0.013643176,-0.97420204,3
1.28496,-0.4352,-0.013643176,-0.97420204,3
1.2849,-0.43513,-4.382001,3.9199877,3
1.28447,-0.43403,-4.382001,3.9199877,3
1.28375,-0.43291,-4.382001,3.9199877,3
1.28321,-0.43184,-4.382001,3.9199877,3
1.2828,-0.4312,-4.382001,3.9199877,3
1.28248,-0.43112,-4.382001,3.9199877,3
1.28251,-0.43164,-4.382001,3.9199877,3
1.2827,-0.43226,-4.382001,3.9199877,3
1.28291,-0.43274,-4.382001,3.9199877,3
1.28314,-0.43298,-3.9736738,3.8665059,3
1.28305,-0.43252,-3.9736738,3.8665059,3
1.28279,-0.43157,-3.9736738,3.8665059,3
1.28241,-0.43103,-3.9736738,3.8665059,3
1.28234,-0.43163,-3.9736738,3.8665059,3
1.28271,-0.43326,-3.9736738,3.8665059,3
1.28333,-0.43577,-3.9736738,3.8665059,3
1.28391,-0.43866,-3.9736738,3.8665059,3
1.2843,-0.44143,-3.9736738,3.8665059,3
1.2841,-0.44321,-3.1869783,3.837113,3
1.284,-0.43837,-3.1869783,3.837113,3
1.28391,-0.43247,-3.1869783,3.837113,3
1.28361,-0.42653,-3.1869783,3.837113,3
1.28294,-0.42153,-3.1869783,3.837113,3
1.28239,-0.41733,-3.1869783,3.837113,3
1.28188,-0.41377,-3.1869783,3.837113,3
1.28142,-0.41053,-3.1869783,3.837113,3
1.2808,-0.4074,-3.1869783,3.837113,3
1.28018,-0.40416,-3.1963055,3.9581087,3
1.27927,-0.40067,-3.1963055,3.9581087,3
1.2781,-0.39704,-3.1963055,3.9581087,3
1.27676,-0.39301,-3.1963055,3.9581087,3
1.27555,-0.38967,-3.1963055,3.9581087,3
1.27448,-0.38728,-3.1963055,3.9581087,3
1.27363,-0.38554,-3.1963055,3.9581087,3
1.27298,-0.38399,-3.1963055,3.9581087,3
1.27238,-0.38212,-3.1963055,3.9581087,3
1.27181,-0.38013,-3.1963055,3.9581087,3
1.27132,-0.37803,-0.23623057,2.8513665,3
1.27092,-0.3757,-0.23623057,2.8513665,3
1.27045,-0.37385,-0.23623057,2.8513665,3
1.27,-0.37218,-0.23623057,2.8513665,3
1.26963,-0.37067,-0.23623057,2.8513665,3
1.26939,-0.36935,-0.23623057,2.8513665,3
1.2688,-0.36819,-0.23623057,2.8513665,3
1.26801,-0.36694,-0.23623057,2.8513665,3
1.26698,-0.3655,-0.26063815,3.0467863,3
1.26584,-0.36427,-0.26063815,3.0467863,3
1.26503,-0.36325,-0.26063815,3.0467863,3
1.26457,-0.36185,-0.26063815,3.0467863,3
1.26396,-0.36078,-0.26063815,3.0467863,3
1.26321,-0.36017,-0.26063815,3.0467863,3
1.26279,-0.35949,-0.26063815,3.0467863,3
1.26228,-0.35865,-0.26063815,3.0467863,3
1.26138,-0.35766,-0.26063815,3.0467863,3
1.26022,-0.35593,-0.26063815,3.0467863,3
1.25891,-0.35369,0.08784968,3.0017831,3
1.25729,-0.35127,0.08784968,3.0017831,3
1.25546,-0.34867,0.08784968,3.0017831,3
1.25394,-0.34523,0.08784968,3.0017831,3
1.25289,0.87562,0.08784968,3.0017831,3
1.25212,0.87598,0.08784968,3.0017831,3
1.25173,0.87668,0.08784968,3.0017831,3
1.25167,0.87693,0.08784968,3.0017831,3
1.25171,0.87585,0.08784968,3.0017831,3
1.25163,0.87441,0.17557755,2.351507,3
1.25161,0.87308,0.17557755,2.351507,3
1.25118,0.87106,0.17557755,2.351507,3
1.25055,0.86825,0.17557755,2.351507,3
1.24966,0.86614,0.17557755,2.351507,3
1.24853,0.86546,0.17557755,2.351507,3
1.24725,0.86556,0.17557755,2.351507,3
1.24605,0.86509,0.17557755,2.351507,3
1.24498,0.8645,0.17557755,2.351507,3
1.24393,0.86348,0.17557755,2.351507,3
1.24271,0.86147,0.07166216,1.42687,3
1.24175,0.85908,0.07166216,1.42687,3
1.2406,0.85664,0.07166216,1.42687,3
1.23931,0.85381,0.07166216,1.42687,3
1.23786,0.85109,0.07166216,1.42687,3
1.23612,0.84654,0.07166216,1.42687,3
1.23408,0.83979,0.07166216,1.42687,3
1.2261,0.66063,-0.14695593,0.2902,3
1.22801,0.64158,-0.81305647,1.9565755,3
1.23002,0.6265,-0.81305647,1.9565755,3
1.23156,0.61376,-0.81305647,1.9565755,3
1.23284,0.60465,-0.81305647,1.9565755,3
1.23389,0.59794,-0.81305647,1.9565755,3
1.23482,0.59312,-0.81305647,1.9565755,3
1.23557,0.58918,-0.81305647,1.9565755,3
1.23593,0.58544,-0.81305647,1.9565755,3
1.23577,0.58211,-0.81305647,1.9565755,3
1.23553,0.57946,-0.81305647,1.9565755,3
1.23529,0.5781,-2.4215791,3.4153311,3
1.23524,0.57843,-2.4215791,3.4153311,3
1.23541,0.57949,-2.4215791,3.4153311,3
1.23563,0.58049,-2.4215791,3.4153311,3
1.23556,0.57985,-2.4215791,3.4153311,3
1.23521,0.57771,-2.4215791,3.4153311,3
1.23471,0.57491,-2.4215791,3.4153311,3
1.23391,0.57155,-2.4215791,3.4153311,3
1.23314,0.56816,-2.4215791,3.4153311,3
1.23241,0.56453,-2.9000134,3.8167872,3
1.23168,0.5614,-2.9000134,3.8167872,3
1.23099,0.55904,-2.9000134,3.8167872,3
1.23006,0.5569,-2.9000134,3.8167872,3
1.22901,0.55591,-2.9000134,3.8167872,3
1.22781,0.55454,-2.9000134,3.8167872,3
1.22699,0.55306,-2.9000134,3.8167872,3
1.22632,0.55129,-2.9000134,3.8167872,3
1.2258,0.55136,-2.9000134,3.8167872,3
1.22571,0.55341,-5.1849,5.978698,3
1.22605,0.55599,-5.1849,5.978698,3
1.22621,0.55798,-5.1849,5.978698,3
1.22617,0.5594,-5.1849,5.978698,3
1.22596,0.56006,-5.1849,5.978698,3
1.22581,0.5621,-5.1849,5.978698,3
1.22558,0.56416,-5.1849,5.978698,3
1.22526,0.56503,-5.1849,5.978698,3
1.22509,0.56626,-5.1849,5.978698,3
1.22484,0.56806,-5.1849,5.978698,3
1.22467,0.57008,-5.1849,5.978698,3
1.22457,0.57158,-5.1849,5.978698,3
1.22441,0.57312,-5.1849,5.978698,3
1.22391,0.57387,-5.1849,5.978698,3
1.22324,0.5742,-5.1849,5.978698,3
1.22276,0.57488,-5.3451476,6.2538195,3
1.22243,0.57557,-5.3451476,6.2538195,3
1.22199,0.57595,-5.3451476,6.2538195,3
1.22189,0.57662,-5.3451476,6.2538195,3
1.22201,0.57782,-5.3451476,6.2538195,3
1.22223,0.5794,-5.3451476,6.2538195,3
1.22223,0.58016,-5.3451476,6.2538195,3
1.22204,0.58024,-5.3451476,6.2538195,3
1.22184,0.58022,-5.3451476,6.2538195,3
1.22154,0.58181,-5.3451476,6.2538195,3
1.22108,0.58347,-5.3451476,6.2538195,3
1.22079,0.58577,-3.997863,5.056999,3
1.22018,0.5869,-3.997863,5.056999,3
1.21904,0.58592,-3.997863,5.056999,3
1.21793,0.58415,-3.997863,5.056999,3
1.21767,0.58403,-3.997863,5.056999,3
1.21828,0.58556,-3.997863,5.056999,3
1.21893,0.58707,-3.997863,5.056999,3
1.21929,0.58834,-3.997863,5.056999,3
1.21893,0.58947,-3.997863,5.056999,3
1.21825,0.59033,-3.997863,5.056999,3
1.21738,0.59004,-3.997863,5.056999,3
1.21617,0.58885,-3.997863,5.056999,3
1.21454,0.58747,-3.648375,4.9735284,3
1.21263,0.58526,-3.648375,4.9735284,3
1.21071,0.58323,-3.648375,4.9735284,3
1.20894,0.58193,-3.648375,4.9735284,3
1.20755,0.581,-3.648375,4.9735284,3
1.20648,0.58057,-3.648375,4.9735284,3
1.20569,0.58012,-3.648375,4.9735284,3
1.20514,0.57998,-3.648375,4.9735284,3
1.2046,0.57982,-3.648375,4.9735284,3
1.20434,0.57943,-3.648375,4.9735284,3
1.20394,0.57783,-3.648375,4.9735284,3
1.20394,0.57669,-3.648375,4.9735284,3
1.20414,0.57749,-2.4473941,4.1082606,3
1.20426,0.58041,-2.4473941,4.1082606,3
1.20437,0.58393,-2.4473941,4.1082606,3
1.247,0.49092,-41.533745,14.232588,4
1.24614,0.49535,-41.533745,14.232588,4
1.24611,0.50061,-41.533745,14.232588,4
1.2467,0.5078,-41.533745,14.232588,4
1.24747,0.51304,-42.833138,10.348308,4
1.2478,0.5145,-42.833138,10.348308,4
1.24743,0.51138,-42.833138,10.348308,4
1.24654,0.50532,-42.833138,10.348308,4
1.24565,0.49812,-42.833138,10.348308,4
1.24495,0.49097,-42.833138,10.348308,4
1.24401,0.4838,-42.833138,10.348308,4
1.24313,0.47845,-42.833138,10.348308,4
1.24232,0.47387,-42.833138,10.348308,4
1.2422,0.47088,-42.833138,10.348308,4
1.24244,0.46911,-42.833138,10.348308,4
1.24282,0.46835,-42.833138,10.348308,4
1.24315,0.46724,-39.716904,9.387354,4
1.24376,0.46613,-39.716904,9.387354,4
1.24482,0.46529,-39.716904,9.387354,4
1.2459,0.464,-39.716904,9.387354,4
1.24621,0.4616,-39.716904,9.387354,4
1.246,0.45986,-39.716904,9.387354,4
1.24531,0.45984,-39.716904,9.387354,4
1.24424,0.46196,-39.716904,9.387354,4
1.24287,0.46462,-39.716904,9.387354,4
1.24145,0.46759,-39.716904,9.387354,4
1.23919,0.46822,-39.716904,9.387354,4
1.23655,0.46605,-39.716904,9.387354,4
1.23392,0.4618,-38.772438,9.736233,4
1.23168,0.45775,-38.772438,9.736233,4
1.22991,0.45476,-38.772438,9.736233,4
1.22857,0.45342,-38.772438,9.736233,4
1.22743,0.45277,-38.772438,9.736233,4
1.22644,0.4535,-38.772438,9.736233,4
1.22566,0.45477,-38.772438,9.736233,4
1.22504,0.45672,-38.772438,9.736233,4
1.22495,0.46028,-38.772438,9.736233,4
1.22599,0.46717,-38.772438,9.736233,4
1.22761,0.47573,-38.182953,6.9058537,4
1.22967,0.48495,-38.182953,6.9058537,4
1.23164,0.49387,-38.182953,6.9058537,4
1.23323,0.50181,-38.182953,6.9058537,4
1.23423,0.50843,-38.182953,6.9058537,4
1.23475,0.51432,-38.182953,6.9058537,4
1.23479,0.51806,-38.182953,6.9058537,4
1.23446,0.5215,-38.182953,6.9058537,4
1.23398,0.52375,-38.182953,6.9058537,4
1.2335,0.52577,-38.182953,6.9058537,4
1.2331,0.5284,-37.95718,7.849974,4
1.23292,0.53064,-37.95718,7.849974,4
1.23282,0.53209,-37.95718,7.849974,4
1.2327,0.53242,-37.95718,7.849974,4
1.23261,0.53251,-37.95718,7.849974,4
1.23261,0.53224,-37.95718,7.849974,4
1.23248,0.53193,-37.95718,7.849974,4
1.232,0.53137,-37.95718,7.849974,4
1.23123,0.5307,-37.95718,7.849974,4
1.23044,0.53075,-37.95718,7.849974,4
1.22975,0.5315,-37.95718,7.849974,4
1.22908,0.53261,-34.046856,7.8989983,4
1.22846,0.53299,-34.046856,7.8989983,4
1.22777,0.53276,-34.046856,7.8989983,4
1.22786,0.5329,-34.046856,7.8989983,4
1.22812,0.53388,-34.046856,7.8989983,4
1.22825,0.53578,-34.046856,7.8989983,4
1.22846,0.53804,-34.046856,7.8989983,4
1.22862,0.54067,-34.046856,7.8989983,4
1.22883,0.54277,-34.046856,7.8989983,4
1.22892,0.54348,-34.046856,7.8989983,4
1.22898,0.54368,-34.901737,8.00657,4
1.22883,0.54366,-34.901737,8.00657,4
1.22877,0.54387,-34.901737,8.00657,4
1.22871,0.54412,-34.901737,8.00657,4
1.22868,0.54517,-34.901737,8.00657,4
1.22866,0.54661,-34.901737,8.00657,4
1.22864,0.54802,-34.901737,8.00657,4
1.22873,0.54905,-34.901737,8.00657,4
1.22896,0.54972,-34.901737,8.00657,4
1.22918,0.55011,-34.901737,8.00657,4
1.22932,0.55037,-34.901737,8.00657,4
1.22943,0.55063,-34.66508,9.262189,4
1.22945,0.55112,-34.66508,9.262189,4
1.22928,0.5526,-34.66508,9.262189,4
1.22885,0.55321,-34.66508,9.262189,4
1.22821,0.55382,-34.66508,9.262189,4
1.22747,0.55412,-34.66508,9.262189,4
1.22661,0.55349,-34.66508,9.262189,4
1.22598,0.55298,-34.66508,9.262189,4
1.22544,0.5519,-34.66508,9.262189,4
1.22533,0.55067,-34.66508,9.262189,4
1.22509,0.5496,-33.45619,8.539539,4
1.22463,0.54935,-33.45619,8.539539,4
1.22417,0.54926,-33.45619,8.539539,4
1.22355,0.54881,-33.45619,8.539539,4
1.22286,0.54772,-33.45619,8.539539,4
1.22228,0.54605,-33.45619,8.539539,4
1.22182,0.54479,-33.45619,8.539539,4
1.22112,0.54277,-33.45619,8.539539,4
1.22043,0.54124,-34.499584,8.83384,4
1.21998,0.54061,-34.499584,8.83384,4
1.21969,0.5409,-34.499584,8.83384,4
1.21946,0.54193,-34.499584,8.83384,4
1.21951,0.54332,-34.499584,8.83384,4
1.21954,0.5437,-34.499584,8.83384,4
1.21942,0.54325,-34.499584,8.83384,4
1.21932,0.54263,-34.499584,8.83384,4
1.21932,0.54221,-34.499584,8.83384,4
1.21936,0.542,-33.624966,8.653793,4
1.21941,0.54217,-33.624966,8.653793,4
1.21925,0.54233,-33.624966,8.653793,4
1.21929,0.54242,-33.624966,8.653793,4
1.21952,0.54229,-33.624966,8.653793,4
1.21949,0.5419,-33.624966,8.653793,4
1.21894,0.54038,-33.624966,8.653793,4
1.21835,0.53878,-33.624966,8.653793,4
1.21775,0.53757,-34.95263,9.078494,4
1.21776,0.53745,-34.95263,9.078494,4
1.21785,0.53865,-34.95263,9.078494,4
1.21763,0.54032,-34.95263,9.078494,4
1.21736,0.54238,-34.95263,9.078494,4
1.21716,0.54467,-34.95263,9.078494,4
1.21721,0.5459,-34.95263,9.078494,4
1.2173,0.54638,-34.95263,9.078494,4
1.21741,0.54657,-34.95263,9.078494,4
1.21727,0.54703,-34.66508,9.262189,4
1.21731,0.54746,-34.66508,9.262189,4
1.21749,0.54831,-34.66508,9.262189,4
1.21751,0.54898,-34.66508,9.262189,4
1.21752,0.54991,-34.66508,9.262189,4
1.21752,0.55041,-34.66508,9.262189,4
1.21751,0.55027,-34.66508,9.262189,4
1.2174,0.54893,-34.66508,9.262189,4
1.21725,0.54707,-34.66508,9.262189,4
1.21684,0.54504,-34.66508,9.262189,4
1.21636,0.54315,-34.616974,9.187223,4
1.2159,0.54173,-34.616974,9.187223,4
1.21532,0.54092,-34.616974,9.187223,4
1.21489,0.54101,-34.616974,9.187223,4
1.2143,0.54028,-34.616974,9.187223,4
1.21371,0.53762,-34.616974,9.187223,4
1.21285,0.53378,-34.616974,9.187223,4
1.21211,0.52982,-34.364113,8.687599,4
1.2117,0.52531,-34.364113,8.687599,4
1.2116,0.52236,-34.364113,8.687599,4
1.21164,0.52171,-34.364113,8.687599,4
1.21199,0.52301,-34.364113,8.687599,4
1.21235,0.52445,-34.364113,8.687599,4
1.21224,0.52379,-34.364113,8.687599,4
1.21195,0.52118,-34.364113,8.687599,4
1.2116,0.51801,-34.364113,8.687599,4
1.21112,0.51471,-34.364113,8.687599,4
1.21067,0.51285,-34.364113,8.687599,4
1.21055,0.51199,-35.37686,8.549196,4
1.21061,0.51234,-35.37686,8.549196,4
1.21061,0.51331,-35.37686,8.549196,4
1.21071,0.5145,-35.37686,8.549196,4
1.21082,0.51548,-35.37686,8.549196,4
1.21087,0.51563,-35.37686,8.549196,4
1.21098,0.51519,-35.37686,8.549196,4
1.21083,0.5141,-35.37686,8.549196,4
1.21052,0.5132,-35.37686,8.549196,4
1.21018,0.51252,-35.37686,8.549196,4
1.20996,0.51181,-35.31059,9.057939,4
1.20986,0.51191,-35.31059,9.057939,4
1.20966,0.51208,-35.31059,9.057939,4
1.20948,0.5113,-35.31059,9.057939,4
1.20934,0.51049,-35.31059,9.057939,4
1.20921,0.50939,-35.31059,9.057939,4
1.20945,0.50849,-35.31059,9.057939,4
1.20954,0.50833,-35.31059,9.057939,4
1.2095,0.50906,-35.31059,9.057939,4
1.20954,0.5094,-34.046852,7.898999,4
1.20947,0.50924,-34.046852,7.898999,4
1.20932,0.50844,-34.046852,7.898999,4
1.20921,0.50715,-34.046852,7.898999,4
1.20929,0.50649,-34.046852,7.898999,4
1.20929,0.50602,-34.046852,7.898999,4
1.20937,0.5057,-34.046852,7.898999,4
1.20945,0.50573,-34.046852,7.898999,4
1.20959,0.50673,-34.046852,7.898999,4
1.20969,0.50744,-34.808666,8.06992,4
1.20997,0.50868,-34.808666,8.06992,4
1.21037,0.50966,-34.808666,8.06992,4
1.2104,0.50932,-34.808666,8.06992,4
1.21029,0.50841,-34.808666,8.06992,4
1.20986,0.50692,-34.808666,8.06992,4
1.20929,0.5055,-34.808666,8.06992,4
1.20889,0.50439,-34.808666,8.06992,4
1.20856,0.50335,-34.808666,8.06992,4
1.20831,0.50278,-34.090828,7.9819713,4
1.20808,0.50245,-34.090828,7.9819713,4
1.20774,0.50154,-34.090828,7.9819713,4
1.20744,0.50078,-34.090828,7.9819713,4
1.20717,0.50028,-34.090828,7.9819713,4
1.20684,0.49984,-34.090828,7.9819713,4
1.20674,0.49882,-34.090828,7.9819713,4
1.20693,0.49835,-34.090828,7.9819713,4
1.20694,0.49905,-34.090828,7.9819713,4
1.20693,0.49975,-34.090828,7.9819713,4
1.20696,0.50028,-34.090828,7.9819713,4
1.20699,0.49999,-34.090828,7.9819713,4
1.20706,0.49858,-34.090828,7.9819713,4
1.20727,0.49786,-34.090828,7.9819713,4
1.20757,0.49852,-34.090828,7.9819713,4
1.20757,0.50054,-34.090828,7.9819713,4
1.20752,0.50248,-34.090828,7.9819713,4
1.20727,0.50341,-34.090828,7.9819713,4
1.20677,0.50346,-34.090828,7.9819713,4
1.20634,0.50315,-34.181496,7.9132586,4
1.20613,0.50294,-34.181496,7.9132586,4
1.20626,0.50283,-34.181496,7.9132586,4
1.20657,0.50307,-34.181496,7.9132586,4
1.20686,0.50377,-34.181496,7.9132586,4
1.20705,0.5042,-34.181496,7.9132586,4
1.20718,0.50401,-34.181496,7.9132586,4
1.20706,0.5033,-34.181496,7.9132586,4
1.20683,0.50262,-34.181496,7.9132586,4
1.20672,0.50208,-34.093212,8.30792,4
1.20678,0.50141,-34.093212,8.30792,4
1.20684,0.50125,-34.093212,8.30792,4
1.20684,0.50139,-34.093212,8.30792,4
1.20692,0.50212,-34.093212,8.30792,4
1.20683,0.50267,-34.093212,8.30792,4
1.20678,0.50279,-34.093212,8.30792,4
1.20684,0.50257,-34.093212,8.30792,4
1.20735,0.50214,-34.093212,8.30792,4
1.20767,0.50274,-34.093212,8.30792,4
1.20786,0.50393,-34.093212,8.30792,4
1.20794,0.50551,-34.15118,8.248356,4
1.20781,0.5059,-34.15118,8.248356,4
1.20749,0.50483,-34.15118,8.248356,4
1.20715,0.50332,-34.15118,8.248356,4
1.20678,0.50239,-34.15118,8.248356,4
1.20612,0.50117,-34.15118,8.248356,4
1.20574,0.50011,-34.15118,8.248356,4
1.20565,0.50004,-34.15118,8.248356,4
1.20579,0.50057,-34.15118,8.248356,4
1.20601,0.50131,-34.15118,8.248356,4
1.2062,0.50199,-34.15118,8.248356,4
1.20643,0.50241,-34.15118,8.248356,4
1.20651,0.50257,-33.930855,9.015797,4
1.20641,0.5024,-33.930855,9.015797,4
1.20636,0.50299,-33.930855,9.015797,4
1.2063,0.50371,-33.930855,9.015797,4
1.20623,0.50412,-33.930855,9.015797,4
1.20621,0.5042,-33.930855,9.015797,4
1.20631,0.50412,-33.930855,9.015797,4
1.20669,0.50474,-33.930855,9.015797,4
1.20701,0.50537,-33.930855,9.015797,4
1.20733,0.50561,-33.930855,9.015797,4
